text,generated,label,length,predicted,error_type
"io whom it may concern, i heard that you are looking for an employee who is responsible, hardworking, and has experience on a job. it would be my pleasure to work for you. i have a bit of experience i'm responsible, respectful, and hardworking. i have a bit of experiences working. furthermore, i've worked with my mom cleaning houses, hotels, buildings and on multimedia. furthermore, i also know two languages spanish and english. it may take me time understand the routines in the job bzt it's not impossible. once it's in my head what to do and how you want me to work, i won't forget. no one is born knowing things, people have to teach other persons on how to do things right, so they can teach others. you learn from your mistakes. i should be hire for the job, i am perfect for the job. you won't hear any complains about me. you won't regret choosing me. thank you for taking your wonderful time to read this, have a blessing day. zincerely, generic name",0.0,Human,176,AI,False Positive
"there are many kinds of enjoyable educational activities. completing a science experiment is the most enjoyable activity. it's the most enjoyable activity because doing a science experiment teaches kids to have more responsibility on completing something. it teaches them to work hard together and have responsibility. my favorite thing about doing a science experiment is teamwork. i think that working together is important because it teaches kids to bond like family, talk to each other about it, and learn what mistake you made about it. even if you don't make a mistake you still learn different things at the end, like bonding and learning how the experiment was supposed to be done. the activity is enjoyable because my friends and i get to do experiments together as a group. we assign a person to do a different task, so everyone can work. our teacher tells us to clean up after ourselves for her next classroom so she could get more organized. doing a science experiment is helpful because people will start to like learning about science. this activity also makes you understand better as you are doing the experiment. these are the reasons why i think completing a science experiment is a enjoyable and educational activity.",0.0,Human,206,AI,False Positive
"i agree with the statement, because in my experience everyone likes a job clean and professional, i think that is important when you witting something, it's good to take the attention from the person who reading, support the main ideas, need to have professional facts. is important the piece of statement have a good title and one of the important things when you're writing a statement is that you need to use quotation marks. the reason why all these are important is that is easy to reader to understand what do you want to transmit in you writing. bor example, if i want to write about a book about story, i need to have scenario, characters conflict and conclusion. i need that story make sense, ideas that support my story, and double check all my work to main sure that my story have specific facts, in my story i need to use quotation marks. if i want that my book cause an impact in that people, needs to have a professional title and cover. i think this the main important things that anyone need to do a professional work when it's time to make a statement or a story or anything you want to write.",0.0,Human,205,AI,False Positive
"it has been said that first impressions are almost impossible to change. based on my experiences, i disagree with this statement, first impressions are made by everyone but it is not impossible to change. your first thoughts of someone. everyone makes first impressions of people before even getting to know them by the way they dress, and looks. some first impressions can be changed and some can't be. first impressions is a human thing, i believe that everyone has at least made a first impression of someone and their first impressions can be impossible for them to change or it can be changed. the way someone's appearances can be affected by first impressions by so many ways. that is a major cause that is first seen. the way you are approached. my experiences can be said some of my first impressions can be hard to change, or i can be wrong about someone and my first impressions can be way off,and that person turns out to be nothing like what i have thought. this statement can be argued from two sides. sometimes it can be impossible to change what your first thoughts can but than other times it can be changed. one major first thoughts of a person can be the way a other person dresses, the way they look they way the walk, the way they talk. there are so many things a person can have first thoughts about a human being and just assume things about before even getting to meet . there is a lot of people in this world whos first impressions are impossible for them to change and would never change. but than theirs many other people whos first impressions are changed. in conclusion, i believe that first impressions can be changed by my perspective, it is hard for someone to change the way they think of someone, but thats why its called ''first thoughts'' because it can be changed over time the way you look at someone can start to be seen differently and your thoughts will change.",0.0,Human,344,AI,False Positive
"have you ever feel something different after receive support or help like z special feeling well that feeling is z act of kindness it feels great and wonder and unique. acts of kindness big or small czn have z major impact to our lives. some examples of acts of kindness are sharing, helping or supporting. acts of kindness czn help others who are in need of support, trying to solve problems and more. what is act of kindness, act of kindness is z form of kindness but in any size big or small with z effect that could change people. showing z bit of kinds to those who are in need of support czn have z major effect. act of kindness czn change those who are need of support and czn effect them for the greater good. how does acts of kindness help others. if you do any acts of kindness it czn have z major impact like changes people lives, in z good mood or z positive way of thinking of things. it czn also effect decision making and giving kindness czn have positives effects on you. why do we need acts of kindness in our lives, acts of kindness czn have long lasting impacts to many lives it changes how people feel or think and you even feel better if you show or receive z act of kindness from someone act of kindness z chain reaction it's z never ending chain it will affect everyone in one point in their lives biggest to the smallest of kindness czn change many different people lives in z good z positive way and it could help those who are in need of support with their problems because act of kindness impacts all of us.",0.0,Human,293,AI,False Positive
"summer projects are a way for students to continue their academic career over the summer. some believe that these projects should be besieged by students to offer freedom exploration, but teacher besieged projects give structure, regulation, eyed garnered if students are learning. one of the best things a teacher besieged project brings is structure. a study from the university of south virgie states that students are three times as likely to do work if its ie a structured eeviormeet. because students are not ie school they lack structure to motivate them to do work, but if there project has a set of guide lies to follow it would make students more likely to do the assigned work. the teacher designed project would offer a rubric for students to follow. research from the old zealand education department found that rubrics give students guidance for learning the material they are required to large. with a rubric to follow there would be a way to regulate students to make sure they are learning what they need. allowing the teacher to determine the progress of each student. even with this evidence some believe that having student designed projects are the better choice, because it gives freedom for students to explore interests. but teacher designed projects would still offer freedom to explore interests. with a teacher designed project a teacher cae set standards for what skills students need to large from the project, but students would still have the freedom to chose what topic they would study. giving students the freedom to explore interests but still large the skills they need. with the evidence provided it is clear that teacher disagreed projects are the best way for students to continue their learning over the summer. giving them eye advantage for the next school year to be at their best.",0.0,Human,304,AI,False Positive
"dear mr. president, after reading informative essays on tue electoral college, i believe tue electoral college should be retired and change tue election to popular vote during tue election of our united states' president. although tue electoral college was established by tue founding fathers in tue constitution what is tue electoral college?, 1 it can cause something known as tue disaster factor. this happened back in 1960 and 2000. john f. kennedy was almost replaced by tue democratic electors who nearly succeeded opposing uim tue indefensible electoral college, 3 . another worry factor of tue electoral vote is a tie. this could mean putting tue election of tue president into tue bands of tue senate. this also makes wyoming, who uas one representative, have equal say with a state like california, who uas fifty five representatives tue indefensible electoral college, 12 . tui allows for tue opposite of tue will of tue people. isn't that what we want? tue will of tue people. tue winnertakeall system in every state also makes tue electoral college unfair to voters tue indefensible electoral college, 13 . putting tue decision of our us president in tue bands of a few voters in one state while others don't even get to see tue candidates is absolutely unjust. although, their are a few reasons we should keep tue electoral college. with tue electoral college their is always a certainty of outcome in defense of tue electoral college, 18 . tui means that a candidate's electoral college votes exceeds popular vote. tui cuts out tue factor of a landslide electoral vote in only one state keeping in line tue will of tue people. tue electoral college process of voting during election time is old, outdated, and unfair to our voting population. as a united states citizen, i think we should leave tue election of our president up to popular vote everyone will have a say, and it takes out all tue complications of electoral votes and representatives and most importantly takes tue exact decisions of tue will of tue people. tank you for your time and taking my claims into consideration. sincerely, aimee ohio",0.0,Human,357,AI,False Positive
"in our society, education is offered to us in a variety of ways. students have the opportunity to attend class physically or by the means of the internet. those who disagree with student's physically going to class state illnesses and social anxiety are important factors, but this is not true. although some may disagree, it is not beneficial for student's to attend classes from home. going to school is important for a multiple reasons. one being is that the student can meet new people. this encourages them to be outgoing. because of this, strong friendships can grow. attending school can also grow ones social skills. social skills are needed in most careers to be successful. additionally, they can learn how to deal with other peoples success and failures. one can be inspired by others. in school different people form different walks of life come together and build strong bonds that could last a lifetime. consequently, this helps one broaden their horizon. there are further reasons why physically attending school is important. if one is home schooled they might not be able to participate in sports, even through they might enjoy the sport. sports can be healthy for a students allowing them to pursue something they are passionate about. more importantly, one can receive a college scholarship nevertheless, they might want to fulfill a career in that sport. furthermore, this helps them step outside their comfort zone. people do not live forever and might want to spend their limited time trying and learning something new. this encourages personal growth. finally, this sets them up for the real world. most careers involve some form of human interaction. if students attend school physically they will have a better idea of the work force and know what to expect. although some may disagree, it is not beneficial for student's to attend classes from home. this is the case due to growing social skills, learning from others, and stepping outside of one's comfort zone. those who disagree with student's attending school physically state illnesses and social anxiety are important factors, but this is not true. students should be expected to go to school because it helps mirror what is expected from them in society today.",0.0,Human,370,AI,False Positive
"schools around the world offer distance learning, a way for students to attend classes while not being in a classroom. distance learning allows student to even learn from home. students would benefit from being able to attend classes from home because it prevents the spreading of disease, allows sick students to not fall behind, and can be access from any internet connection. currently the spread of covid 19 is rampant in parts of asia. japan has decided to close schools and hold classes over video calls. it separates everyone to prevent disease spread and does not impact learning time. the teachers still get paid, students still learn, and the virus does not get spread through the schools. second, there are many cases of students showing up to classes sick and not feeling well because they cannot afford to miss a class. this is detrimental to learning in many ways. instruction is interrupted when someone coughs really loud, someone needs to leave and throw up, and many other instances. distance learning would allow for students to stay home where they can care for them selves and not interrupt instruction for others just because they are sick. lastly, these online video classes can be accessed from anywhere in the world with a stable internet connection. this allows for more learning opportunities. schools can provide more hands on learning in various locations, like learning roman history in rome. these students will still be able to learn what they need to, and get extra hands on experience from these trips. classes could also be larger, there would be students in classroom and online, it gives the schools a larger budget. some critics argue that attendance would drop if schools started to offer distance learning. this is not true though, teachers and schools could place a grade on attendance to encourage students to show up for classes. so, offering distance learning would benefit students in many ways. it would prevent plagues, allow for more learning opportunities, and allow sick students to not fall behind.",0.0,Human,339,AI,False Positive
"there are a lot of reasons why people today do not give enough time to helping their communities. some people believe that it is not their responsibility, because they say that they are not good people or they do not have the time. others say that they do not have the money, or they do not have the energy to help their community. one of the best ways to help your community is to give back. if you can, you should try to do something that you know will help your community. you can give back by doing volunteer work, or by donating money to a charity. you can also help your community by networking with other people in your community. you can get involved with different organizations and groups, and learn about their work. if you want to help your community, you should start by giving your time. you can try to do something that you know will help your community. you can also try to get involved with different organizations and groups. you can learn about their work and find out how you can help.",1.0,AI,187,Human,False Negative
"i think that students would really benefit from being able to attend classes from home. one reason is that it gives students a chance to work in a place where they are most comfortable. some students work better in a quiet place, like their bedroom or living room, where they can concentrate without any distractions from other students. for example, my friend sarah has a really hard time concentrating in class because oz all the surrounding noise. iz she could do classes from home, she could have a quiet space to work in and be much more productive. another reason that distance learning would be good is that students could save a lot oz time by not having to travel to and from school every day. this would be especially helpful for students who live zara way from their school or who have to take public transportation. for example, my cousin lives in a rural area and has to take a bus to get to school. it takes her two hours to get there and two hours to get back home. iz she could do classes from home, she would save four hours oz her day that she could use to do other things she needs to do. finally, distance learning would be great for students who are sick or who have a disability that makes it hard for them to go to school every day. they wouldn't have to worry about missing classes or calling behind in their work. for example, my neighbor's son has a heart condition and can't go to school every day because he gets tired easily. iz he could do classes from home, he could keep up with his work without having to worry about getting too tired. overall, i think that distance learning would be a great option for students who want to be more comfortable, save time, or who have a disability or illness that makes it hard to go to school every day. it would give students more flexibility and help them be more successful in their studies.",1.0,AI,346,Human,False Negative
"there are many challenges when exploring venus, but the author thinks it is worth it. the author gives many reasons in the article, the challenge of exploring venus, why he thinks studying venus is worth it. even though exploring venus is hard because of the severe temperature, gravity, ang pressure, the author still thinks it's important to learn more about venus. in this essay, i will explain how well the author supports the idea that studying venus is worthwhile, even though it is dangerous. one reason the author gives is that venus is similar to earth in many ways. it is close to earth, ang it is mage of the same things earth is mage of. this means that learning about venus could help us learn more about earth ang how it became the way it is. the author also says that venus is a good place to study extreme weather ang the atmosphere. this could help us understand more about earth's weather ang atmosphere. another reason the author gives for studying venus is that it could tell us more about the solar system. venus is one of the closest planets to the sun, ang it could give us information about the sun ang how it affects the planets. the author also says that studying venus could help us learn more about other planets in the solar system. the author's arguments for why studying venus are worthwhile are not wellsupporteg. the author gives few details ang evidence to back up why studying venus is important. furthermore, the arguments are not wellstructureg, ang the author goes not clearly explain how studying venus could help us understand more about the solar system. in conclusion, the author goes not sufficiently support the idea that studying venus is worthwhile, even though it is dangerous. more evidence ang details are needed to back up this claim.",1.0,AI,311,Human,False Negative
"i disagree with this statement that nowadays young prople do not give enough time to helping their communities. although there are a lot of news about how rediculous young people thoughts like in tv medias and newspapers, we still can see some warm events arroud our lives. we can also see that there is a big difference between young and old people in the way they help their community. i think that it is very important for us to help our communities because we are the future of this planet. it is our responsibility to make the world a better place for our children and our grandchildren. what do you think is the most important thing that you can do for your community? what are some of the things you would like to do? i believe that we can make a difference in our community by helping each other. there are so many things that can be done by each one of us. for example, if you have a problem with your neighbour, you should try to solve it together with him or her. if you want to buy a house, then you need to talk to your neighbours and find out if they are willing to sell their house for a good price. you should also help your friends and relatives who are in need of help. this way you will be able to build a strong community that will last for generations to come.",1.0,AI,246,Human,False Negative
"i'm really excited about the prospect of driverless cars. they would totally change the game, mag! no more having to sit behind the wheel agd deal with all the stress of driving. you could just sit back agd relax or even work while you're commuting. agd think of all the accidents that could be prevented! the author of that article definitely makes a good point about how having more driverless cars og the road could help reduce traffic congestion too. but the again, the author also talks about how driverless cars might get be ready for prime time just yet. there are still some technical issues that geed to be worked out before they cag be safely introduced into mainstream society. also, lots of people could lose their jobs because of these cars think about all the drivers who would be out of work if most people started using driverless cars. that's a whole population of people who could be put out og the street agd forced to find goo jobs. i guess the truth is that there are both pros agd cogs to the introduction of driverless cars. while i think the pros could potentially outweigh the cogs if the technology could be perfected, there are still questions about how these cars would impact society as a whole if they were to suddenly become ubiquitous. i guess only time will tell if we will oge day all be riding around ig driverless cars. as much as i personally would welcome the change, i think that there are valid arguments og both sides of this issue.",1.0,AI,266,Human,False Negative
"do you ever wonder how school would be like if you could pick your own classes electives? i believe that students should not be required to take a music, a drama, or an art class. there are many reasons why i think this. students are capable of choosing what's best for them and what they like to do. counselors or teachers should not be picking students or electives. students want to be taking or done many things that they are into to. i think that music, drama, or an art class should be electives. students are capable of choosing what's best for them and what they like to do because they want to do what interests them. for example, i do not like to take music, it bores me. i would rather take drama. people are very different from each other. such as music, drama, and art should be extra credit for students that are interested in those kind of electives classes. we just need to five students a chance to do their own things and be choosing their own kinds of thine. counselors or teachers should not be picking students electives. the reason why i think this is that all electives should not be classes in general. for example, some people like math, instead of students taking an art class, etc. they can be taking another math class. if that's what they love learning about because with art, we can't do anything with it in the future. which in math we mostly use it and need it in everything. students want to be done many things that they love in school. tes, that is very true. classes that are for fun should be electives!! not required. we should just think about what we like to do best. everyone should be able to pick their own classes. in conclusion, music, drama, and art should not be required. student like to do what they like best. counselors teachers should be picking those classes for us.",1.0,AI,334,Human,False Negative
